id,archivo,tipo,descripcion,usado_en
050586508788f6852a2952e51f5be75e,assets/blobs/050586508788f6852a2952e51f5be75e.svg,marca,Palabra SOUNDS blanca (cápsula en vivo),C3-Desktop; C3-Movil-1
1597068ebd88d56a066899e5b79a61ed,assets/blobs/1597068ebd88d56a066899e5b79a61ed.png,foto,conectividad-seguridad-entretenimiento-1,C3-Desktop #c3-aut-4
252e41b69e264d7abe839c3fd7ee59a8,assets/blobs/252e41b69e264d7abe839c3fd7ee59a8.jpg,foto,promosdefleppard-300x300,C3-Desktop #c3-pro-1
262fe5d35bc500294a15732920099291,assets/blobs/262fe5d35bc500294a15732920099291.jpg,foto,news,C3-Desktop #c3-snd-nw
280ee3eddb25ac8603a6f03003db369f,assets/blobs/280ee3eddb25ac8603a6f03003db369f.jpg,foto,libros,C3-Desktop #c3-lib-1
2d958ae6ac79163af15e25884c06c71d,assets/blobs/2d958ae6ac79163af15e25884c06c71d.png,foto,notas-87-768x512,C3-Desktop #c3-vin-main
352196f24671a5bde6a4e8096837cfb2,assets/blobs/352196f24671a5bde6a4e8096837cfb2.svg,marca,"Logo SOUNDS completo, blanco (fondo oscuro)",C3-Desktop; C3-Movil-1; C3-Movil-2
4708fd22dbaff0080e6e33e1616e3fe9,assets/blobs/4708fd22dbaff0080e6e33e1616e3fe9.png,foto,gran,C3-Desktop #c3-pod-3
51fe858a412610817ece238d78ab3215,assets/blobs/51fe858a412610817ece238d78ab3215.webp,foto,photo-1478737270239-2f02b77fc618,C3-Desktop #c3-pod-2
5ad22c724e061e93b68d1451182acc10,assets/blobs/5ad22c724e061e93b68d1451182acc10.jpg,foto,restaurantes-de-comida-yucateca-cdmx4-92,C3-Desktop #c3-com-3
76264aec114377bcd7756b64d1b052ad,assets/blobs/76264aec114377bcd7756b64d1b052ad.jpg,foto,mariah-carey-llevara--su-gira-naviden-a-,C3-Desktop #c3-la-3
76f4b8067e23ee972b35903f070d62b9,assets/blobs/76f4b8067e23ee972b35903f070d62b9.png,marca,Textura de grano (fondo azul del reproductor),A-Frecuencia-Movil CSS .grain; C-Tornamesa-Desktop CSS .grain; C-Tornamesa-Movil CSS .grain; C2-Desktop CSS .grain; C2-Movil-1 CSS .grain; C2-Teatral-Preroll CSS .grain; C2-Teatral-Video CSS .grain; C3-Desktop CSS .grain; C3-Movil-1 CSS .grain; Main CSS .grain
784124f6e4b30ffa707a03345bd59eea,assets/blobs/784124f6e4b30ffa707a03345bd59eea.jpg,foto,heaven-frente-a-summer-of-69-las-dos-car,C3-Desktop #c3-la-4
7fed8b3de9c403d3efea1a3129731160,assets/blobs/7fed8b3de9c403d3efea1a3129731160.jpg,foto,mike-rutherford-anuncia-la-gira-europea-,C3-Desktop #c3-la-1
8514548ff9b70070a61ed53d50a8655a,assets/blobs/8514548ff9b70070a61ed53d50a8655a.svg,marca,Palabra SOUNDS a color (cápsula activa),C3-Desktop; C3-Movil-1
89b9d22b5932ced8383d7cffe1032513,assets/blobs/89b9d22b5932ced8383d7cffe1032513.webp,foto,conectividad-seguridad-entretenimiento-1,C3-Desktop #c3-aut-main
96cf9b777a2f2cfaf724fa14527e1acb,assets/blobs/96cf9b777a2f2cfaf724fa14527e1acb.png,foto,conectividad-seguridad-entretenimiento-1,C3-Desktop #c3-rel-1
9d6bb4a02a817d5276fa04b2f4460e0c,assets/blobs/9d6bb4a02a817d5276fa04b2f4460e0c.svg,marca,"Logo SOUNDS completo, a color (fondo claro)",C3-Desktop; C3-Movil-1
a0d5b976d9596965958d6c68665ff4a5,assets/blobs/a0d5b976d9596965958d6c68665ff4a5.jpg,foto,images,C3-Desktop #c3-com-1
a90c6f6f52b38085a700e66ca9724272,assets/blobs/a90c6f6f52b38085a700e66ca9724272.jpg,foto,rock-espanol,C3-Desktop #c3-snd-re
b4d3520d0100845725830f5b36ce7a21,assets/blobs/b4d3520d0100845725830f5b36ce7a21.jpg,foto,bruce-springsteen-el-disco-que-cambio--p,C3-Desktop #c3-noticia
b7291fbc0a86441340632df658d2e346,assets/blobs/b7291fbc0a86441340632df658d2e346.jpg,foto,back-to-disco,C3-Desktop #c3-snd-bd
b8c4fa9b35c4a116aea059114c70afcb,assets/blobs/b8c4fa9b35c4a116aea059114c70afcb.png,foto,conectividad-seguridad-entretenimiento-1,C3-Desktop #c3-aut-2
d2659caf36760d830ba55fde87481f87,assets/blobs/d2659caf36760d830ba55fde87481f87.png,foto,conectividad-seguridad-entretenimiento-1,C3-Desktop #c3-aut-3
dc143dac81813f2a5e4ef14dd738bdbd,assets/blobs/dc143dac81813f2a5e4ef14dd738bdbd.webp,foto,photo-1494905998402-395d579af36f,C3-Desktop #c3-pod-1
e3e98c1becc0965cb1a1f79548438406,assets/blobs/e3e98c1becc0965cb1a1f79548438406.jpg,foto,nu-disco,C3-Desktop #c3-snd-nd
e862cfa953d22dc5c0d053f531526978,assets/blobs/e862cfa953d22dc5c0d053f531526978.jpg,foto,promoscc-300x300,C3-Desktop #c3-pro-4
ea60c33af1d3d2c8ff417e988f281351,assets/blobs/ea60c33af1d3d2c8ff417e988f281351.jpg,foto,promosej-300x300,C3-Desktop #c3-pro-2
ed0e8c28326e1ce351ac524024653b05,assets/blobs/ed0e8c28326e1ce351ac524024653b05.jpg,foto,images-1-,C3-Desktop #c3-com-2
edb21c7d69e282ac2d2cc6822b2ccf4b,assets/blobs/edb21c7d69e282ac2d2cc6822b2ccf4b.svg,marca,Logo Stereo Cien,A-Frecuencia-Movil; B-Portada-Desktop; B-Portada-Movil; C-Tornamesa-Desktop (×2); C-Tornamesa-Movil (×2); C2-Desktop (×3); C2-Movil-1 (×2); C2-Movil-2; C3-Desktop (×4); C3-Movil-1 (×4); C3-Movil-2; Main
ee735a851f5ad068fbaf6ae114ee1835,assets/blobs/ee735a851f5ad068fbaf6ae114ee1835.png,foto,conectividad-seguridad-entretenimiento-1,C3-Desktop #c3-rel-2
eeadb4b23985562cd3c1495276dded66,assets/blobs/eeadb4b23985562cd3c1495276dded66.jpg,foto,rod-stewart-anuncia-sus-primeros-concier,C3-Desktop #c3-la-2
f11372b482409922009d63ab962f4af7,assets/blobs/f11372b482409922009d63ab962f4af7.png,foto,conectividad-seguridad-entretenimiento-1,C3-Desktop #c3-aut-main
f7e6cda375c65b18928c9b6bcac3129b,assets/blobs/f7e6cda375c65b18928c9b6bcac3129b.jpg,foto,portada,C3-Desktop masthead 970×250
